line	visual_unit_in_line	visual_unit_global	source_unit	subunit	reading	category	confidence	alternatives
1	1	1	1	1	h	letter_shape	high for observed shape; value unassigned	
1	2	2	2	1	k	letter_shape	high for observed shape; value unassigned	
1	3	3	3	1	ü	letter_shape	high for observed shape; value unassigned	
1	4	4	4	1	43	numeral_group	high for observed shape; value unassigned	
1	5	5	5	1	z	letter_shape	high for observed shape; value unassigned	
1	6	6	6	1	w	letter_shape	high for observed shape; value unassigned	
1	7	7	7	1	i	letter_shape	high for observed shape; value unassigned	
1	8	8	8	1	n	letter_shape	high for observed shape; value unassigned	
1	9	9	9	1	h	letter_shape	high for observed shape; value unassigned	
1	10	10	10	1	a	letter_shape	high for observed shape; value unassigned	
1	11	11	11	1	l	letter_shape	medium for Latin-letter name	l-shape | possible long-s label; do not add a unit
1	12	12	12	1	ÿ	letter_shape	high for observed shape; value unassigned	
1	13	13	13	1	e	letter_shape	high for observed shape; value unassigned	
1	14	14	14	1	r	letter_shape	high for observed shape; value unassigned	
1	15	15	15	1	g	letter_shape	high for observed shape; value unassigned	
1	16	16	16	1	x	letter_shape	high for observed shape; value unassigned	
1	17	17	17	1	k	letter_shape	high for observed shape; value unassigned	
1	18	18	18	1	r	letter_shape	high for observed shape; value unassigned	
1	19	19	19	1	w	letter_shape	high for observed shape; value unassigned	
1	20	20	20	1	w	letter_shape	high for observed shape; value unassigned	
1	21	21	21	1	t	letter_shape	high for observed shape; value unassigned	
1	22	22	22	1	z	letter_shape	high for observed shape; value unassigned	
1	23	23	23	1	s	letter_shape	high for observed shape; value unassigned	
1	24	24	24	1	k	letter_shape	high for observed shape; value unassigned	
1	25	25	25	1	l	letter_shape	medium for Latin-letter name	l-shape | possible long-s label; do not add a unit
1	26	26	26	1	ÿ	letter_shape	high for observed shape; value unassigned	
1	27	27	27	1	s	letter_shape	high for observed shape; value unassigned	
1	28	28	28	1	q	letter_shape	high for observed shape; value unassigned	
1	29	29	29	1	o	letter_shape	high for observed shape; value unassigned	
1	30	30	30	1	l	letter_shape	medium for Latin-letter name	l-shape | possible long-s label; do not add a unit
1	31	31	31	1	p	letter_shape	high for observed shape; value unassigned	
1	32	32	32	1	45	numeral_group	high for observed shape; value unassigned	
1	33	33	33	1	x	letter_shape	high for observed shape; value unassigned	
1	34	34	34	1	k	letter_shape	high for observed shape; value unassigned	
1	35	35	35	1	m	letter_shape	high for observed shape; value unassigned	
1	36	36	36	1	t	letter_shape	high for observed shape; value unassigned	
1	37	37	37	1	g	letter_shape	high for observed shape; value unassigned	
1	38	38	38	1	w	letter_shape	high for observed shape; value unassigned	
1	39	39	39	1	m	letter_shape	high for observed shape; value unassigned	
1	40	40	40	1	h	letter_shape	high for observed shape; value unassigned	
1	41	41	41	1	ÿ	letter_shape	high for observed shape; value unassigned	
1	42	42	42	1	p	letter_shape	high for observed shape; value unassigned	
1	43	43	43	1	p	letter_shape	high for observed shape; value unassigned	
1	44	44	44	1	t	letter_shape	high for observed shape; value unassigned	
1	45	45	45	1	w	letter_shape	high for observed shape; value unassigned	
1	46	46	46	1	z	letter_shape	high for observed shape; value unassigned	
1	47	47	47	1	g	letter_shape	high for observed shape; value unassigned	
1	48	48	48	1	n	letter_shape	high for observed shape; value unassigned	
1	49	49	49	1	s	letter_shape	high for observed shape; value unassigned	
1	50	50	50	1	ÿ	letter_shape	high for observed shape; value unassigned	
1	51	51	51	1	t	letter_shape	high for observed shape; value unassigned	
1	52	52	52	1	f	letter_shape	high for observed shape; value unassigned	
1	53	53	53	1	n	letter_shape	high for observed shape; value unassigned	
1	54	54	54	1	n	letter_shape	high for observed shape; value unassigned	
1	55	55	55	1	q	letter_shape	high for observed shape; value unassigned	
2	1	56	1	1	l	letter_shape	medium for Latin-letter name	l-shape | possible long-s label; do not add a unit
2	2	57	2	1	p	letter_shape	high for observed shape; value unassigned	
2	3	58	3	1	ÿ	letter_shape	high for observed shape; value unassigned	
2	4	59	4	1	g	letter_shape	high for observed shape; value unassigned	
2	5	60	5	1	h	letter_shape	high for observed shape; value unassigned	
2	6	61	6	1	o	letter_shape	high for observed shape; value unassigned	
2	7	62	7	1	t	letter_shape	high for observed shape; value unassigned	
2	8	63	8	1	i	letter_shape	high for observed shape; value unassigned	
2	9	64	9	1	s	letter_shape	high for observed shape; value unassigned	
2	10	65	10	1	n	letter_shape	high for observed shape; value unassigned	
2	11	66	11	1	ü	letter_shape	high for observed shape; value unassigned	
2	12	67	12	1	p	letter_shape	high for observed shape; value unassigned	
2	13	68	13	1	r	letter_shape	high for observed shape; value unassigned	
2	14	69	14	1	k	letter_shape	high for observed shape; value unassigned	
2	15	70	15	1	q	letter_shape	high for observed shape; value unassigned	
2	16	71	16	1	z	letter_shape	high for observed shape; value unassigned	
2	17	72	17	1	g	letter_shape	high for observed shape; value unassigned	
2	18	73	18	1	n	letter_shape	high for observed shape; value unassigned	
2	19	74	19	1	ÿ	letter_shape	high for observed shape; value unassigned	
2	20	75	20	1	x	letter_shape	high for observed shape; value unassigned	
2	21	76	21	1	l	letter_shape	medium for Latin-letter name	l-shape | possible long-s label; do not add a unit
2	22	77	22	1	ü	letter_shape	high for observed shape; value unassigned	
2	23	78	23	1	r	letter_shape	high for observed shape; value unassigned	
2	24	79	24	1	a	letter_shape	high for observed shape; value unassigned	
2	25	80	25	1	q	letter_shape	high for observed shape; value unassigned	
2	26	81	26	1	f	letter_shape	high for observed shape; value unassigned	
2	27	82	27	1	g	letter_shape	high for observed shape; value unassigned	
2	28	83	28	1	n	letter_shape	high for observed shape; value unassigned	
2	29	84	29	1	z	letter_shape	high for observed shape; value unassigned	
2	30	85	30	1	g	letter_shape	high for observed shape; value unassigned	
2	31	86	31	1	g	letter_shape	high for observed shape; value unassigned	
2	32	87	32	1	ü	letter_shape	high for observed shape; value unassigned	
2	33	88	33	1	L_shape	marker_shape	high for one angular shape, unresolved function	L | 1 | special sign; cipher consumption unresolved
2	34	89	33	2	L_shape	marker_shape	high for one angular shape, unresolved function	L | 1 | special sign; cipher consumption unresolved
2	35	90	34	1	x	letter_shape	high for observed shape; value unassigned	
2	36	91	35	1	h	letter_shape	high for observed shape; value unassigned	
2	37	92	36	1	l	letter_shape	medium for Latin-letter name	l-shape | possible long-s label; do not add a unit
2	38	93	37	1	ÿ	letter_shape	high for observed shape; value unassigned	
2	39	94	38	1	g	letter_shape	high for observed shape; value unassigned	
2	40	95	39	1	n	letter_shape	high for observed shape; value unassigned	
2	41	96	40	1	g	letter_shape	high for observed shape; value unassigned	
2	42	97	41	1	h	letter_shape	high for observed shape; value unassigned	
2	43	98	42	1	t	letter_shape	high for observed shape; value unassigned	
2	44	99	43	1	ÿ	letter_shape	high for observed shape; value unassigned	
2	45	100	44	1	i	letter_shape	high for observed shape; value unassigned	
2	46	101	45	1	o	letter_shape	high for observed shape; value unassigned	
2	47	102	46	1	o	letter_shape	high for observed shape; value unassigned	
2	48	103	47	1	z	letter_shape	high for observed shape; value unassigned	
2	49	104	48	1	l	letter_shape	medium for Latin-letter name	l-shape | possible long-s label; do not add a unit
2	50	105	49	1	i	letter_shape	high for observed shape; value unassigned	
2	51	106	50	1	ÿ	letter_shape	high for observed shape; value unassigned	
2	52	107	51	1	h	letter_shape	high for observed shape; value unassigned	
2	53	108	52	1	o	letter_shape	high for observed shape; value unassigned	
2	54	109	53	1	g	letter_shape	high for observed shape; value unassigned	
2	55	110	54	1	r	letter_shape	high for observed shape; value unassigned	
2	56	111	55	1	i	letter_shape	high for observed shape; value unassigned	
2	57	112	56	1	d	letter_shape	high for observed shape; value unassigned	
2	58	113	57	1	z	letter_shape	high for observed shape; value unassigned	
2	59	114	58	1	g	letter_shape	high for observed shape; value unassigned	
2	60	115	59	1	w	letter_shape	high for observed shape; value unassigned	
2	61	116	60	1	r	letter_shape	high for observed shape; value unassigned	
3	1	117	1	1	m	letter_shape	high for observed shape; value unassigned	
3	2	118	2	1	a	letter_shape	high for observed shape; value unassigned	
3	3	119	3	1	f	letter_shape	high for observed shape; value unassigned	
3	4	120	4	1	i	letter_shape	high for observed shape; value unassigned	
3	5	121	5	1	s	letter_shape	high for observed shape; value unassigned	
3	6	122	6	1	w	letter_shape	high for observed shape; value unassigned	
3	7	123	7	1	i	letter_shape	high for observed shape; value unassigned	
3	8	124	8	1	k	letter_shape	high for observed shape; value unassigned	
3	9	125	9	1	a	letter_shape	high for observed shape; value unassigned	
3	10	126	11	1	k	letter_shape	high for observed shape; value unassigned	
3	11	127	12	1	g	letter_shape	high for observed shape; value unassigned	
3	12	128	13	1	p	letter_shape	high for observed shape; value unassigned	
3	13	129	15	1	ü	letter_shape	high for observed shape; value unassigned	
3	14	130	16	1	g	letter_shape	high for observed shape; value unassigned	
3	15	131	17	1	n	letter_shape	high for observed shape; value unassigned	
3	16	132	18	1	h	letter_shape	high for observed shape; value unassigned	
3	17	133	19	1	t	letter_shape	high for observed shape; value unassigned	
3	18	134	20	1	i	letter_shape	high for observed shape; value unassigned	
3	19	135	20	2	i	letter_shape	high for observed shape; value unassigned	
3	20	136	21	1	s	letter_shape	high for observed shape; value unassigned	
3	21	137	22	1	h	letter_shape	high for observed shape; value unassigned	
3	22	138	23	1	ÿ	letter_shape	high for observed shape; value unassigned	
3	23	139	24	1	c	letter_shape	high for observed shape; value unassigned	
3	24	140	26	1	p	letter_shape	high for observed shape; value unassigned	
3	25	141	27	1	k	letter_shape	high for observed shape; value unassigned	
3	26	142	28	1	q	letter_shape	high for observed shape; value unassigned	
3	27	143	29	1	k	letter_shape	high for observed shape; value unassigned	
3	28	144	30	1	g	letter_shape	high for observed shape; value unassigned	
3	29	145	31	1	x	letter_shape	high for observed shape; value unassigned	
3	30	146	32	1	h	letter_shape	high for observed shape; value unassigned	
3	31	147	33	1	r	letter_shape	high for observed shape; value unassigned	
3	32	148	34	1	s	letter_shape	high for observed shape; value unassigned	
3	33	149	35	1	o	letter_shape	high for observed shape; value unassigned	
3	34	150	36	1	i	letter_shape	high for observed shape; value unassigned	
3	35	151	37	1	s	letter_shape	high for observed shape; value unassigned	
3	36	152	38	1	g	letter_shape	high for observed shape; value unassigned	
3	37	153	39	1	ü	letter_shape	high for observed shape; value unassigned	
3	38	154	40	1	k	letter_shape	high for observed shape; value unassigned	
3	39	155	41	1	e	letter_shape	high for observed shape; value unassigned	
3	40	156	42	1	q	letter_shape	high for observed shape; value unassigned	
3	41	157	43	1	e	letter_shape	high for observed shape; value unassigned	
3	42	158	44	1	l	letter_shape	medium for Latin-letter name	l-shape | possible long-s label; do not add a unit
3	43	159	45	1	t	letter_shape	high for observed shape; value unassigned	
3	44	160	46	1	x	letter_shape	high for observed shape; value unassigned	
3	45	161	47	1	o	letter_shape	high for observed shape; value unassigned	
3	46	162	48	1	f	letter_shape	high for observed shape; value unassigned	
3	47	163	49	1	o	letter_shape	high for observed shape; value unassigned	
3	48	164	50	1	p	letter_shape	high for observed shape; value unassigned	
3	49	165	51	1	n	letter_shape	high for observed shape; value unassigned	
3	50	166	52	1	h	letter_shape	high for observed shape; value unassigned	
3	51	167	53	1	l	letter_shape	medium for Latin-letter name	l-shape | possible long-s label; do not add a unit
3	52	168	54	1	a	letter_shape	high for observed shape; value unassigned	
3	53	169	55	1	x	letter_shape	high for observed shape; value unassigned	
3	54	170	56	1	i	letter_shape	high for observed shape; value unassigned	
3	55	171	57	1	x	letter_shape	high for observed shape; value unassigned	
3	56	172	58	1	k	letter_shape	high for observed shape; value unassigned	
3	57	173	59	1	r	letter_shape	high for observed shape; value unassigned	
3	58	174	60	1	g	letter_shape	high for observed shape; value unassigned	
3	59	175	61	1	n	letter_shape	high for observed shape; value unassigned	
3	60	176	62	1	h	letter_shape	high for observed shape; value unassigned	
3	61	177	63	1	l	letter_shape	medium for Latin-letter name	l-shape | possible long-s label; do not add a unit
3	62	178	64	1	l	letter_shape	medium for Latin-letter name	l-shape | possible long-s label; do not add a unit
3	63	179	64	2	p	letter_shape	high for observed shape; value unassigned	
4	1	180	1	1	a	letter_shape	high for observed shape; value unassigned	
4	2	181	2	1	a	letter_shape	high for observed shape; value unassigned	
4	3	182	3	1	ü	letter_shape	high for observed shape; value unassigned	
4	4	183	4	1	k	letter_shape	high for observed shape; value unassigned	
4	5	184	5	1	g	letter_shape	high for observed shape; value unassigned	
4	6	185	6	1	r	letter_shape	high for observed shape; value unassigned	
4	7	186	7	1	45	numeral_group	high for observed shape; value unassigned	
4	8	187	8	1	k	letter_shape	high for observed shape; value unassigned	
4	9	188	9	1	w	letter_shape	high for observed shape; value unassigned	
4	10	189	10	1	a	letter_shape	high for observed shape; value unassigned	
4	11	190	11	1	c	letter_shape	high for observed shape; value unassigned	
4	12	191	12	1	ÿ	letter_shape	high for observed shape; value unassigned	
4	13	192	13	1	f	letter_shape	high for observed shape; value unassigned	
4	14	193	14	1	e	letter_shape	high for observed shape; value unassigned	
4	15	194	15	1	l	letter_shape	medium for Latin-letter name	l-shape | possible long-s label; do not add a unit
4	16	195	16	1	t	letter_shape	high for observed shape; value unassigned	
4	17	196	17	1	i	letter_shape	high for observed shape; value unassigned	
4	18	197	18	1	x	letter_shape	high for observed shape; value unassigned	
4	19	198	19	1	i	letter_shape	high for observed shape; value unassigned	
4	20	199	20	1	ü	letter_shape	high for observed shape; value unassigned	
4	21	200	21	1	t	letter_shape	high for observed shape; value unassigned	
4	22	201	23	1	h	letter_shape	high for observed shape; value unassigned	
4	23	202	24	1	k	letter_shape	high for observed shape; value unassigned	
4	24	203	26	1	ü	letter_shape	high for observed shape; value unassigned	
4	25	204	27	1	a	letter_shape	high for observed shape; value unassigned	
4	26	205	28	1	g	letter_shape	high for observed shape; value unassigned	
4	27	206	29	1	h	letter_shape	high for observed shape; value unassigned	
4	28	207	30	1	f	letter_shape	high for observed shape; value unassigned	
4	29	208	31	1	x	letter_shape	high for observed shape; value unassigned	
4	30	209	32	1	z	letter_shape	high for observed shape; value unassigned	
4	31	210	33	1	l	letter_shape	medium for Latin-letter name	l-shape | possible long-s label; do not add a unit
4	32	211	34	1	i	letter_shape	high for observed shape; value unassigned	
4	33	212	35	1	o	letter_shape	high for observed shape; value unassigned	
4	34	213	36	1	l	letter_shape	medium for Latin-letter name	l-shape | possible long-s label; do not add a unit
4	35	214	37	1	ÿ	letter_shape	high for observed shape; value unassigned	
4	36	215	38	1	g	letter_shape	high for observed shape; value unassigned	
4	37	216	39	1	ÿ	letter_shape	high for observed shape; value unassigned	
4	38	217	40	1	w	letter_shape	high for observed shape; value unassigned	
4	39	218	41	1	r	letter_shape	high for observed shape; value unassigned	
4	40	219	42	1	b	letter_shape	high for observed shape; value unassigned	
4	41	220	43	1	r	letter_shape	high for observed shape; value unassigned	
4	42	221	44	1	t	letter_shape	high for observed shape; value unassigned	
4	43	222	46	1	k	letter_shape	high for observed shape; value unassigned	
4	44	223	47	1	q	letter_shape	high for observed shape; value unassigned	
4	45	224	48	1	h	letter_shape	high for observed shape; value unassigned	
4	46	225	49	1	g	letter_shape	high for observed shape; value unassigned	
4	47	226	50	1	c	letter_shape	high for observed shape; value unassigned	
4	48	227	51	1	i	letter_shape	high for observed shape; value unassigned	
4	49	228	52	1	m	letter_shape	high for observed shape; value unassigned	
4	50	229	53	1	l	letter_shape	medium for Latin-letter name	l-shape | possible long-s label; do not add a unit
4	51	230	54	1	ü	letter_shape	high for observed shape; value unassigned	
4	52	231	55	1	g	letter_shape	high for observed shape; value unassigned	
4	53	232	56	1	n	letter_shape	high for observed shape; value unassigned	
4	54	233	57	1	z	letter_shape	high for observed shape; value unassigned	
5	1	234	1	1	l	letter_shape	medium for Latin-letter name	l-shape | possible long-s label; do not add a unit
5	2	235	2	1	f	letter_shape	high for observed shape; value unassigned	
5	3	236	3	1	i	letter_shape	high for observed shape; value unassigned	
5	4	237	4	1	s	letter_shape	high for observed shape; value unassigned	
5	5	238	5	1	ÿ	letter_shape	high for observed shape; value unassigned	
5	6	239	6	1	t	letter_shape	high for observed shape; value unassigned	
5	7	240	7	1	f	letter_shape	high for observed shape; value unassigned	
5	8	241	8	1	h	letter_shape	high for observed shape; value unassigned	
5	9	242	9	1	o	letter_shape	high for observed shape; value unassigned	
5	10	243	10	1	h	letter_shape	high for observed shape; value unassigned	
5	11	244	11	1	z	letter_shape	high for observed shape; value unassigned	
5	12	245	12	1	e	letter_shape	high for observed shape; value unassigned	
5	13	246	13	1	m	letter_shape	high for observed shape; value unassigned	
5	14	247	14	1	b	letter_shape	high for observed shape; value unassigned	
5	15	248	15	1	h	letter_shape	high for observed shape; value unassigned	
5	16	249	16	1	k	letter_shape	high for observed shape; value unassigned	
5	17	250	17	1	g	letter_shape	high for observed shape; value unassigned	
5	18	251	18	1	r	letter_shape	high for observed shape; value unassigned	
5	19	252	19	1	b	letter_shape	high for observed shape; value unassigned	
5	20	253	20	1	m	letter_shape	high for observed shape; value unassigned	
5	21	254	21	1	k	letter_shape	high for observed shape; value unassigned	
5	22	255	22	1	g	letter_shape	high for observed shape; value unassigned	
5	23	256	23	1	w	letter_shape	high for observed shape; value unassigned	
5	24	257	24	1	g	letter_shape	high for observed shape; value unassigned	
5	25	258	25	1	h	letter_shape	high for observed shape; value unassigned	
5	26	259	26	1	e	letter_shape	high for observed shape; value unassigned	
5	27	260	27	1	u	letter_shape	medium	u | ü
5	28	261	28	1	n	letter_shape	high for observed shape; value unassigned	
5	29	262	29	1	k	letter_shape	high for observed shape; value unassigned	
5	30	263	30	1	w	letter_shape	high for observed shape; value unassigned	
5	31	264	31	1	a	letter_shape	high for observed shape; value unassigned	
5	32	265	32	1	q	letter_shape	high for observed shape; value unassigned	
5	33	266	33	1	x	letter_shape	high for observed shape; value unassigned	
5	34	267	34	1	ÿ	letter_shape	high for observed shape; value unassigned	
5	35	268	35	1	h	letter_shape	high for observed shape; value unassigned	
5	36	269	36	1	t	letter_shape	high for observed shape; value unassigned	
5	37	270	38	1	o	letter_shape	high for observed shape; value unassigned	
5	38	271	39	1	z	letter_shape	high for observed shape; value unassigned	
5	39	272	40	1	ÿ	letter_shape	high for observed shape; value unassigned	
5	40	273	41	1	x	letter_shape	high for observed shape; value unassigned	
5	41	274	42	1	l	letter_shape	medium for Latin-letter name	l-shape | possible long-s label; do not add a unit
5	42	275	43	1	p	letter_shape	high for observed shape; value unassigned	
5	43	276	45	1	e	letter_shape	high for observed shape; value unassigned	
5	44	277	46	1	a	letter_shape	high for observed shape; value unassigned	
5	45	278	47	1	f	letter_shape	high for observed shape; value unassigned	
5	46	279	48	1	o	letter_shape	high for observed shape; value unassigned	
5	47	280	49	1	L_shape	marker_shape	high for one angular shape, unresolved function	L | 1 | special sign; cipher consumption unresolved
5	48	281	49	2	L_shape	marker_shape	high for one angular shape, unresolved function	L | 1 | special sign; cipher consumption unresolved
5	49	282	50	1	c	letter_shape	high for observed shape; value unassigned	
5	50	283	51	1	g	letter_shape	high for observed shape; value unassigned	
5	51	284	52	1	z	letter_shape	high for observed shape; value unassigned	
5	52	285	53	1	m	letter_shape	high for observed shape; value unassigned	
6	1	286	1	1	ü	letter_shape	high for observed shape; value unassigned	
6	2	287	2	1	p	letter_shape	high for observed shape; value unassigned	
6	3	288	3	1	i	letter_shape	high for observed shape; value unassigned	
6	4	289	4	1	ÿ	letter_shape	high for observed shape; value unassigned	
6	5	290	5	1	m	letter_shape	high for observed shape; value unassigned	
6	6	291	6	1	o	letter_shape	high for observed shape; value unassigned	
6	7	292	7	1	o	letter_shape	high for observed shape; value unassigned	
6	8	293	8	1	i	letter_shape	high for observed shape; value unassigned	
6	9	294	9	1	s	letter_shape	high for observed shape; value unassigned	
6	10	295	10	1	m	letter_shape	high for observed shape; value unassigned	
6	11	296	11	1	a	letter_shape	high for observed shape; value unassigned	
6	12	297	12	1	o	letter_shape	high for observed shape; value unassigned	
6	13	298	13	1	i	letter_shape	high for observed shape; value unassigned	
6	14	299	14	1	x	letter_shape	high for observed shape; value unassigned	
6	15	300	15	1	k	letter_shape	high for observed shape; value unassigned	
6	16	301	16	1	l	letter_shape	medium for Latin-letter name	l-shape | possible long-s label; do not add a unit
6	17	302	17	1	h	letter_shape	high for observed shape; value unassigned	
6	18	303	18	1	n	letter_shape	high for observed shape; value unassigned	
6	19	304	19	1	k	letter_shape	high for observed shape; value unassigned	
6	20	305	20	1	o	letter_shape	high for observed shape; value unassigned	
6	21	306	21	1	l	letter_shape	medium for Latin-letter name	l-shape | possible long-s label; do not add a unit
6	22	307	23	1	p	letter_shape	high for observed shape; value unassigned	
6	23	308	24	1	z	letter_shape	high for observed shape; value unassigned	
6	24	309	25	1	s	letter_shape	high for observed shape; value unassigned	
6	25	310	26	1	g	letter_shape	high for observed shape; value unassigned	
6	26	311	27	1	b	letter_shape	high for observed shape; value unassigned	
6	27	312	28	1	d	letter_shape	high for observed shape; value unassigned	
6	28	313	29	1	i	letter_shape	high for observed shape; value unassigned	
6	29	314	30	1	x	letter_shape	high for observed shape; value unassigned	
6	30	315	31	1	g	letter_shape	high for observed shape; value unassigned	
6	31	316	32	1	g	letter_shape	high for observed shape; value unassigned	
6	32	317	33	1	ü	letter_shape	high for observed shape; value unassigned	
6	33	318	34	1	n	letter_shape	high for observed shape; value unassigned	
6	34	319	35	1	n	letter_shape	high for observed shape; value unassigned	
6	35	320	36	1	p	letter_shape	high for observed shape; value unassigned	
6	36	321	37	1	l	letter_shape	medium for Latin-letter name	l-shape | possible long-s label; do not add a unit
6	37	322	38	1	ü	letter_shape	high for observed shape; value unassigned	
6	38	323	39	1	s	letter_shape	high for observed shape; value unassigned	
6	39	324	40	1	q	letter_shape	high for observed shape; value unassigned	
6	40	325	41	1	f	letter_shape	high for observed shape; value unassigned	
6	41	326	42	1	o	letter_shape	high for observed shape; value unassigned	
6	42	327	43	1	g	letter_shape	high for observed shape; value unassigned	
6	43	328	45	1	e	letter_shape	high for observed shape; value unassigned	
6	44	329	46	1	g	letter_shape	high for observed shape; value unassigned	
6	45	330	47	1	w	letter_shape	high for observed shape; value unassigned	
6	46	331	48	1	ü	letter_shape	high for observed shape; value unassigned	
6	47	332	49	1	n	letter_shape	high for observed shape; value unassigned	
6	48	333	50	1	z	letter_shape	high for observed shape; value unassigned	
6	49	334	51	1	z	letter_shape	high for observed shape; value unassigned	
6	50	335	52	1	h	letter_shape	high for observed shape; value unassigned	
6	51	336	53	1	n	letter_shape	high for observed shape; value unassigned	
6	52	337	54	1	g	letter_shape	high for observed shape; value unassigned	
7	1	338	1	1	a	letter_shape	high for observed shape; value unassigned	
7	2	339	3	1	f	letter_shape	high for observed shape; value unassigned	
7	3	340	4	1	o	letter_shape	high for observed shape; value unassigned	
7	4	341	5	1	a	letter_shape	high for observed shape; value unassigned	
7	5	342	6	1	ÿ	letter_shape	high for observed shape; value unassigned	
7	6	343	7	1	n	letter_shape	high for observed shape; value unassigned	
7	7	344	8	1	k	letter_shape	high for observed shape; value unassigned	
7	8	345	9	1	h	letter_shape	high for observed shape; value unassigned	
7	9	346	10	1	ÿ	letter_shape	high for observed shape; value unassigned	
7	10	347	11	1	d	letter_shape	high for observed shape; value unassigned	
7	11	348	12	1	i	letter_shape	high for observed shape; value unassigned	
7	12	349	13	1	m	letter_shape	high for observed shape; value unassigned	
7	13	350	14	1	h	letter_shape	high for observed shape; value unassigned	
7	14	351	15	1	ÿ	letter_shape	high for observed shape; value unassigned	
7	15	352	16	1	w	letter_shape	high for observed shape; value unassigned	
7	16	353	17	1	i	letter_shape	high for observed shape; value unassigned	
7	17	354	18	1	s	letter_shape	high for observed shape; value unassigned	
7	18	355	19	1	m	letter_shape	high for observed shape; value unassigned	
7	19	356	20	1	a	letter_shape	high for observed shape; value unassigned	
7	20	357	21	1	i	letter_shape	high for observed shape; value unassigned	
7	21	358	22	1	i	letter_shape	high for observed shape; value unassigned	
7	22	359	24	1	g	letter_shape	high for observed shape; value unassigned	
7	23	360	25	1	h	letter_shape	high for observed shape; value unassigned	
7	24	361	26	1	t	letter_shape	high for observed shape; value unassigned	
7	25	362	27	1	m	letter_shape	high for observed shape; value unassigned	
7	26	363	28	1	s	letter_shape	high for observed shape; value unassigned	
7	27	364	29	1	s	letter_shape	high for observed shape; value unassigned	
7	28	365	30	1	x	letter_shape	high for observed shape; value unassigned	
7	29	366	31	1	l	letter_shape	medium-high for independent upright	l | ſ | possible cross-line overlap (needs expert review)
7	30	367	32	1	p	letter_shape	high for observed shape; value unassigned	
7	31	368	33	1	x	letter_shape	high for observed shape; value unassigned	
7	32	369	34	1	t	letter_shape	high for observed shape; value unassigned	
7	33	370	35	1	w	letter_shape	high for observed shape; value unassigned	
7	34	371	36	1	a	letter_shape	high for observed shape; value unassigned	
7	35	372	37	1	g	letter_shape	high for observed shape; value unassigned	
7	36	373	38	1	p	letter_shape	high for observed shape; value unassigned	
7	37	374	39	1	q	letter_shape	high for observed shape; value unassigned	
7	38	375	40	1	h	letter_shape	high for observed shape; value unassigned	
7	39	376	41	1	a	letter_shape	high for observed shape; value unassigned	
7	40	377	42	1	g	letter_shape	high for observed shape; value unassigned	
7	41	378	43	1	r	letter_shape	high for observed shape; value unassigned	
7	42	379	44	1	ÿ	letter_shape	high for observed shape; value unassigned	
7	43	380	45	1	m	letter_shape	high for observed shape; value unassigned	
7	44	381	46	1	l	letter_shape	medium for Latin-letter name	l-shape | possible long-s label; do not add a unit
7	45	382	47	1	g	letter_shape	high for observed shape; value unassigned	
7	46	383	48	1	x	letter_shape	high for observed shape; value unassigned	
7	47	384	49	1	i	letter_shape	high for observed shape; value unassigned	
7	48	385	50	1	d	letter_shape	high for observed shape; value unassigned	
7	49	386	51	1	o	letter_shape	high for observed shape; value unassigned	
7	50	387	52	1	l	letter_shape	medium for Latin-letter name	l-shape | possible long-s label; do not add a unit
7	51	388	53	1	r	letter_shape	high for observed shape; value unassigned	
8	1	389	1	1	b	letter_shape	high for observed shape; value unassigned	
8	2	390	2	1	d	letter_shape	high for observed shape; value unassigned	
8	3	391	3	1	CANCELLED_PATCH	unresolved_patch	unresolved	zero retained symbols if cancellation | unreadable sequence of unknown length
8	4	392	4	1	z	letter_shape	high for observed shape; value unassigned	
8	5	393	5	1	l	letter_shape	medium for Latin-letter name	l-shape | possible long-s label; do not add a unit
8	6	394	6	1	m	letter_shape	high for observed shape; value unassigned	
8	7	395	7	1	r	letter_shape	high for observed shape; value unassigned	
8	8	396	8	1	h	letter_shape	high for observed shape; value unassigned	
8	9	397	9	1	f	letter_shape	high for observed shape; value unassigned	
8	10	398	10	1	x	letter_shape	high for observed shape; value unassigned	
8	11	399	11	1	ÿ	letter_shape	high for observed shape; value unassigned	
8	12	400	12	1	n	letter_shape	high for observed shape; value unassigned	
8	13	401	13	1	ÿ	letter_shape	high for observed shape; value unassigned	
8	14	402	14	1	t	letter_shape	high for observed shape; value unassigned	
8	15	403	15	1	i	letter_shape	high for observed shape; value unassigned	
8	16	404	16	1	i	letter_shape	high for observed shape; value unassigned	
8	17	405	17	1	l	letter_shape	medium for Latin-letter name	l-shape | possible long-s label; do not add a unit
8	18	406	18	1	h	letter_shape	high for observed shape; value unassigned	
8	19	407	19	1	r	letter_shape	high for observed shape; value unassigned	
8	20	408	20	1	n	letter_shape	high for observed shape; value unassigned	
8	21	409	21	1	n	letter_shape	high for observed shape; value unassigned	
8	22	410	22	1	m	letter_shape	high for observed shape; value unassigned	
8	23	411	23	1	z	letter_shape	high for observed shape; value unassigned	
8	24	412	24	1	ü	letter_shape	high for observed shape; value unassigned	
8	25	413	25	1	n	letter_shape	high for observed shape; value unassigned	
8	26	414	26	1	ÿ	letter_shape	high for observed shape; value unassigned	
8	27	415	27	1	k	letter_shape	high for observed shape; value unassigned	
8	28	416	28	1	q	letter_shape	high for observed shape; value unassigned	
8	29	417	29	1	p	letter_shape	high for observed shape; value unassigned	
8	30	418	30	1	k	letter_shape	high for observed shape; value unassigned	
8	31	419	31	1	r	letter_shape	high for observed shape; value unassigned	
8	32	420	32	1	f	letter_shape	high for observed shape; value unassigned	
8	33	421	33	1	ÿ	letter_shape	high for observed shape; value unassigned	
8	34	422	34	1	i	letter_shape	high for observed shape; value unassigned	
8	35	423	35	1	k	letter_shape	high for observed shape; value unassigned	
8	36	424	37	1	a	letter_shape	high for observed shape; value unassigned	
8	37	425	38	1	o	letter_shape	high for observed shape; value unassigned	
8	38	426	39	1	g	letter_shape	high for observed shape; value unassigned	
8	39	427	41	1	l	letter_shape	medium for Latin-letter name	l-shape | possible long-s label; do not add a unit
8	40	428	42	1	t	letter_shape	high for observed shape; value unassigned	
8	41	429	43	1	x	letter_shape	high for observed shape; value unassigned	
8	42	430	44	1	k	letter_shape	high for observed shape; value unassigned	
8	43	431	45	1	m	letter_shape	high for observed shape; value unassigned	
8	44	432	46	1	t	letter_shape	high for observed shape; value unassigned	
8	45	433	47	1	g	letter_shape	high for observed shape; value unassigned	
8	46	434	48	1	l	letter_shape	medium for Latin-letter name	l-shape | possible long-s label; do not add a unit
8	47	435	49	1	k	letter_shape	high for observed shape; value unassigned	
8	48	436	50	1	o	letter_shape	high for observed shape; value unassigned	
8	49	437	51	1	l	letter_shape	medium for Latin-letter name	l-shape | possible long-s label; do not add a unit
8	50	438	52	1	i	letter_shape	high for observed shape; value unassigned	
8	51	439	53	1	i	letter_shape	high for observed shape; value unassigned	
9	1	440	1	1	s	letter_shape	high for observed shape; value unassigned	
9	2	441	2	1	l	letter_shape	medium for Latin-letter name	l-shape | possible long-s label; do not add a unit
9	3	442	3	1	l	letter_shape	medium for Latin-letter name	l-shape | possible long-s label; do not add a unit
9	4	443	4	1	l	letter_shape	medium for Latin-letter name	l-shape | possible long-s label; do not add a unit
9	5	444	5	1	ÿ	letter_shape	high for observed shape; value unassigned	
9	6	445	6	1	s	letter_shape	high for observed shape; value unassigned	
9	7	446	7	1	m	letter_shape	high for observed shape; value unassigned	
9	8	447	8	1	a	letter_shape	high for observed shape; value unassigned	
9	9	448	9	1	c	letter_shape	high for observed shape; value unassigned	
9	10	449	10	1	z	letter_shape	high for observed shape; value unassigned	
9	11	450	11	1	l	letter_shape	medium for Latin-letter name	l-shape | possible long-s label; do not add a unit
9	12	451	12	1	l	letter_shape	medium for Latin-letter name	l-shape | possible long-s label; do not add a unit
9	13	452	13	1	g	letter_shape	high for observed shape; value unassigned	
9	14	453	14	1	n	letter_shape	high for observed shape; value unassigned	
9	15	454	15	1	ÿ	letter_shape	high for observed shape; value unassigned	
9	16	455	16	1	k	letter_shape	high for observed shape; value unassigned	
9	17	456	17	1	q	letter_shape	high for observed shape; value unassigned	
9	18	457	18	1	z	letter_shape	high for observed shape; value unassigned	
9	19	458	19	1	q	letter_shape	high for observed shape; value unassigned	
9	20	459	20	1	r	letter_shape	high for observed shape; value unassigned	
9	21	460	21	1	i	letter_shape	high for observed shape; value unassigned	
9	22	461	22	1	h	letter_shape	high for observed shape; value unassigned	
9	23	462	23	1	ÿ	letter_shape	high for observed shape; value unassigned	
9	24	463	24	1	p	letter_shape	high for observed shape; value unassigned	
9	25	464	25	1	n	letter_shape	high for observed shape; value unassigned	
9	26	465	26	1	n	letter_shape	high for observed shape; value unassigned	
9	27	466	27	1	q	letter_shape	high for observed shape; value unassigned	
9	28	467	28	1	t	letter_shape	high for observed shape; value unassigned	
9	29	468	30	1	c	letter_shape	high for observed shape; value unassigned	
9	30	469	31	1	g	letter_shape	high for observed shape; value unassigned	
9	31	470	32	1	n	letter_shape	high for observed shape; value unassigned	
9	32	471	33	1	m	letter_shape	high for observed shape; value unassigned	
9	33	472	34	1	o	letter_shape	high for observed shape; value unassigned	
9	34	473	35	1	t	letter_shape	high for observed shape; value unassigned	
9	35	474	36	1	i	letter_shape	high for observed shape; value unassigned	
9	36	475	37	1	r	letter_shape	high for observed shape; value unassigned	
9	37	476	38	1	m	letter_shape	high for observed shape; value unassigned	
9	38	477	39	1	a	letter_shape	high for observed shape; value unassigned	
9	39	478	40	1	b	letter_shape	high for observed shape; value unassigned	
9	40	479	41	1	n	letter_shape	high for observed shape; value unassigned	
9	41	480	42	1	m	letter_shape	high for observed shape; value unassigned	
9	42	481	43	1	g	letter_shape	high for observed shape; value unassigned	
9	43	482	44	1	t	letter_shape	high for observed shape; value unassigned	
9	44	483	45	1	g	letter_shape	high for observed shape; value unassigned	
9	45	484	46	1	x	letter_shape	high for observed shape; value unassigned	
9	46	485	47	1	z	letter_shape	high for observed shape; value unassigned	
9	47	486	48	1	d	letter_shape	high for observed shape; value unassigned	
9	48	487	49	1	a	letter_shape	high for observed shape; value unassigned	
9	49	488	50	1	x	letter_shape	high for observed shape; value unassigned	
9	50	489	51	1	r	letter_shape	high for observed shape; value unassigned	
9	51	490	52	1	i	letter_shape	high for observed shape; value unassigned	
9	52	491	53	1	p	letter_shape	high for observed shape; value unassigned	
10	1	492	1	1	ü	letter_shape	high for observed shape; value unassigned	
10	2	493	2	1	i	letter_shape	high for observed shape; value unassigned	
10	3	494	3	1	p	letter_shape	high for observed shape; value unassigned	
10	4	495	4	1	o	letter_shape	high for observed shape; value unassigned	
10	5	496	5	1	f	letter_shape	high for observed shape; value unassigned	
10	6	497	6	1	o	letter_shape	high for observed shape; value unassigned	
10	7	498	7	1	m	letter_shape	high for observed shape; value unassigned	
10	8	499	8	1	i	letter_shape	high for observed shape; value unassigned	
10	9	500	9	1	o	letter_shape	high for observed shape; value unassigned	
10	10	501	10	1	x	letter_shape	high for observed shape; value unassigned	
10	11	502	11	1	i	letter_shape	high for observed shape; value unassigned	
10	12	503	12	1	q	letter_shape	high for observed shape; value unassigned	
10	13	504	13	1	r	letter_shape	high for observed shape; value unassigned	
10	14	505	14	1	z	letter_shape	high for observed shape; value unassigned	
10	15	506	15	1	h	letter_shape	high for observed shape; value unassigned	
10	16	507	16	1	t	letter_shape	high for observed shape; value unassigned	
10	17	508	17	1	w	letter_shape	high for observed shape; value unassigned	
10	18	509	18	1	n	letter_shape	high for observed shape; value unassigned	
10	19	510	19	1	x	letter_shape	high for observed shape; value unassigned	
10	20	511	20	1	h	letter_shape	high for observed shape; value unassigned	
10	21	512	21	1	t	letter_shape	high for observed shape; value unassigned	
10	22	513	22	1	n	letter_shape	high for observed shape; value unassigned	
10	23	514	23	1	e	letter_shape	high for observed shape; value unassigned	
10	24	515	24	1	ÿ	letter_shape	high for observed shape; value unassigned	
10	25	516	25	1	w	letter_shape	high for observed shape; value unassigned	
10	26	517	26	1	l	letter_shape	medium for Latin-letter name	l-shape | possible long-s label; do not add a unit
10	27	518	27	1	p	letter_shape	high for observed shape; value unassigned	
